class_label,precision,recall,f1-score,support
4,1.0,1.0,1.0,798.0
7,1.0,1.0,1.0,798.0
11,1.0,1.0,1.0,798.0
3,0.9987373737373737,0.9912280701754386,0.9949685534591195,798.0
8,0.9912718204488778,0.9962406015037594,0.99375,798.0
