class_label,precision,recall,f1-score,support
6,0.9923566878980892,0.9761904761904762,0.9842072015161086,798.0
9,0.9826086956521739,0.9912280701754386,0.9868995633187773,798.0
2,0.9826302729528535,0.9924812030075187,0.9875311720698254,798.0
10,0.9949302915082383,0.9837092731829574,0.9892879647132955,798.0
5,0.98875,0.9912280701754386,0.9899874843554443,798.0
