,val_accuracy,test_accuracy
Original_MLP,0.987693710118505,0.9866697049105617
Best_Tuned_Model,0.9922515952597994,0.9927082146519312
